timestamp_utc,http_status,latency_ms,backend_pod,error
2026-09-29T00:07:02.88399117Z,200,206.580,canary-7d9c85fc95-j796h,
2026-09-29T00:07:03.08399056Z,200,207.014,canary-7d9c85fc95-hh22r,
2026-09-29T00:07:03.28399074Z,200,219.637,canary-7d9c85fc95-hh22r,
2026-09-29T00:07:03.483991578Z,200,300.399,canary-7d9c85fc95-hh22r,
2026-09-29T00:07:03.683990344Z,200,315.142,canary-7d9c85fc95-hh22r,
2026-09-29T00:07:03.883990412Z,200,248.051,canary-7d9c85fc95-hh22r,
2026-09-29T00:07:04.08399051Z,200,159.462,canary-7d9c85fc95-j796h,
2026-09-29T00:07:04.283990544Z,200,219.086,canary-7d9c85fc95-j796h,
2026-09-29T00:07:04.483990675Z,200,324.100,canary-7d9c85fc95-j796h,
2026-09-29T00:07:04.68399072Z,200,344.413,canary-7d9c85fc95-j796h,
2026-09-29T00:07:04.883990902Z,200,207.132,canary-7d9c85fc95-hh22r,
2026-09-29T00:07:05.083990747Z,200,159.290,canary-7d9c85fc95-j796h,
2026-09-29T00:07:05.283990517Z,200,237.641,canary-7d9c85fc95-j796h,
2026-09-29T00:07:05.48399069Z,200,206.933,canary-7d9c85fc95-hh22r,
2026-09-29T00:07:05.683990667Z,200,214.281,canary-7d9c85fc95-j796h,
2026-09-29T00:07:05.883990898Z,200,522.922,canary-7d9c85fc95-j796h,
2026-09-29T00:07:06.283990719Z,200,207.283,canary-7d9c85fc95-hh22r,
2026-09-29T00:07:06.083990899Z,200,408.770,canary-7d9c85fc95-j796h,
2026-09-29T00:07:06.483990831Z,200,232.027,canary-7d9c85fc95-j796h,
2026-09-29T00:07:06.683991176Z,200,206.969,canary-7d9c85fc95-hh22r,
2026-09-29T00:07:06.88399275Z,200,218.181,canary-7d9c85fc95-hh22r,
2026-09-29T00:07:07.083993756Z,200,227.165,canary-7d9c85fc95-hh22r,
2026-09-29T00:07:07.28399265Z,200,235.369,canary-7d9c85fc95-hh22r,
2026-09-29T00:07:07.483990764Z,200,159.918,canary-7d9c85fc95-j796h,
2026-09-29T00:07:07.683990425Z,200,206.929,canary-7d9c85fc95-hh22r,
2026-09-29T00:07:07.883990856Z,200,214.917,canary-7d9c85fc95-hh22r,
2026-09-29T00:07:08.083990593Z,200,227.146,canary-7d9c85fc95-hh22r,
2026-09-29T00:07:08.283990445Z,200,159.409,canary-7d9c85fc95-j796h,
2026-09-29T00:07:08.48399046Z,200,206.956,canary-7d9c85fc95-hh22r,
2026-09-29T00:07:08.683990677Z,200,157.728,canary-7d9c85fc95-j796h,
2026-09-29T00:07:08.883990436Z,200,206.828,canary-7d9c85fc95-hh22r,
2026-09-29T00:07:09.083990697Z,200,159.434,canary-7d9c85fc95-j796h,
2026-09-29T00:07:09.283990681Z,200,207.125,canary-7d9c85fc95-hh22r,
2026-09-29T00:07:09.483990697Z,200,825.726,canary-7d9c85fc95-j796h,
2026-09-29T00:07:10.483992838Z,200,207.164,canary-7d9c85fc95-hh22r,
2026-09-29T00:07:10.683990792Z,200,215.374,canary-7d9c85fc95-hh22r,
2026-09-29T00:07:09.683990832Z,200,1426.235,canary-7d9c85fc95-j796h,
2026-09-29T00:07:10.083993236Z,200,1129.940,canary-7d9c85fc95-j796h,
2026-09-29T00:07:11.083991742Z,200,207.241,canary-7d9c85fc95-hh22r,
2026-09-29T00:07:09.88399286Z,200,1428.340,canary-7d9c85fc95-j796h,
2026-09-29T00:07:10.283990642Z,200,1330.340,canary-7d9c85fc95-j796h,
2026-09-29T00:07:10.883993268Z,200,840.822,canary-7d9c85fc95-j796h,
2026-09-29T00:07:11.683990688Z,200,207.502,canary-7d9c85fc95-hh22r,
2026-09-29T00:07:11.283991947Z,200,731.895,canary-7d9c85fc95-j796h,
2026-09-29T00:07:11.883991048Z,200,246.181,canary-7d9c85fc95-hh22r,
2026-09-29T00:07:11.483991999Z,200,1011.556,canary-7d9c85fc95-j796h,
2026-09-29T00:07:12.283991986Z,200,215.529,canary-7d9c85fc95-hh22r,
2026-09-29T00:07:12.083990927Z,200,417.435,canary-7d9c85fc95-j796h,
2026-09-29T00:07:12.483992368Z,200,323.913,canary-7d9c85fc95-hh22r,
2026-09-29T00:07:12.883991989Z,200,402.528,canary-7d9c85fc95-hh22r,
2026-09-29T00:07:13.083998385Z,200,205.925,canary-7d9c85fc95-j796h,
2026-09-29T00:07:12.683991826Z,200,705.520,canary-7d9c85fc95-hh22r,
2026-09-29T00:07:13.28399153Z,200,234.919,canary-7d9c85fc95-j796h,
2026-09-29T00:07:13.48399142Z,200,206.811,canary-7d9c85fc95-hh22r,
2026-09-29T00:07:13.683990636Z,200,213.483,canary-7d9c85fc95-j796h,
2026-09-29T00:07:13.883990312Z,200,206.788,canary-7d9c85fc95-hh22r,
2026-09-29T00:07:14.0839904Z,200,246.540,canary-7d9c85fc95-hh22r,
2026-09-29T00:07:14.283990781Z,200,159.223,canary-7d9c85fc95-j796h,
2026-09-29T00:07:14.483990151Z,200,206.781,canary-7d9c85fc95-hh22r,
2026-09-29T00:07:14.68399081Z,200,246.146,canary-7d9c85fc95-hh22r,
2026-09-29T00:07:14.883991406Z,200,159.211,canary-7d9c85fc95-j796h,
2026-09-29T00:07:15.08399016Z,200,215.361,canary-7d9c85fc95-hh22r,
2026-09-29T00:07:15.283990253Z,200,205.996,canary-7d9c85fc95-j796h,
2026-09-29T00:07:15.483990818Z,200,214.369,canary-7d9c85fc95-hh22r,
2026-09-29T00:07:15.683990411Z,200,322.840,canary-7d9c85fc95-hh22r,
2026-09-29T00:07:16.083990191Z,200,326.588,canary-7d9c85fc95-hh22r,
2026-09-29T00:07:16.283990252Z,200,205.964,canary-7d9c85fc95-j796h,
2026-09-29T00:07:15.883990725Z,200,913.327,canary-7d9c85fc95-hh22r,
2026-09-29T00:07:16.483991666Z,200,518.701,canary-7d9c85fc95-hh22r,
2026-09-29T00:07:16.883990266Z,200,155.957,canary-7d9c85fc95-j796h,
2026-09-29T00:07:16.683992633Z,200,615.468,canary-7d9c85fc95-hh22r,
2026-09-29T00:07:17.083991444Z,200,326.047,canary-7d9c85fc95-hh22r,
2026-09-29T00:07:17.283990061Z,200,205.890,canary-7d9c85fc95-j796h,
2026-09-29T00:07:17.483990246Z,200,218.015,canary-7d9c85fc95-j796h,
2026-09-29T00:07:17.683990801Z,200,207.083,canary-7d9c85fc95-hh22r,
2026-09-29T00:07:17.883990245Z,200,205.943,canary-7d9c85fc95-j796h,
2026-09-29T00:07:18.083990305Z,200,206.951,canary-7d9c85fc95-hh22r,
2026-09-29T00:07:18.283990284Z,200,159.120,canary-7d9c85fc95-j796h,
2026-09-29T00:07:18.483990127Z,200,218.977,canary-7d9c85fc95-j796h,
2026-09-29T00:07:18.683990552Z,200,206.997,canary-7d9c85fc95-hh22r,
2026-09-29T00:07:18.883991698Z,200,205.891,canary-7d9c85fc95-j796h,
2026-09-29T00:07:19.083992626Z,200,216.190,canary-7d9c85fc95-j796h,
2026-09-29T00:07:19.283990141Z,200,224.019,canary-7d9c85fc95-j796h,
2026-09-29T00:07:19.483990656Z,200,206.949,canary-7d9c85fc95-hh22r,
2026-09-29T00:07:19.683990794Z,200,155.476,canary-7d9c85fc95-j796h,
2026-09-29T00:07:19.883990307Z,200,206.764,canary-7d9c85fc95-hh22r,
2026-09-29T00:07:20.083990337Z,200,157.960,canary-7d9c85fc95-j796h,
2026-09-29T00:07:20.283991912Z,200,207.136,canary-7d9c85fc95-hh22r,
2026-09-29T00:07:20.483991439Z,200,309.336,canary-7d9c85fc95-hh22r,
2026-09-29T00:07:20.683993745Z,200,408.995,canary-7d9c85fc95-hh22r,
2026-09-29T00:07:21.083991429Z,200,159.791,canary-7d9c85fc95-j796h,
2026-09-29T00:07:20.88399335Z,200,422.614,canary-7d9c85fc95-hh22r,
2026-09-29T00:07:21.283994173Z,200,308.900,canary-7d9c85fc95-hh22r,
2026-09-29T00:07:21.483991394Z,200,206.746,canary-7d9c85fc95-j796h,
2026-09-29T00:07:21.683991332Z,200,216.497,canary-7d9c85fc95-j796h,
2026-09-29T00:07:22.083990813Z,200,206.210,canary-7d9c85fc95-j796h,
2026-09-29T00:07:21.883990287Z,200,424.849,canary-7d9c85fc95-hh22r,
2026-09-29T00:07:22.483990682Z,200,157.715,canary-7d9c85fc95-j796h,
2026-09-29T00:07:22.283992685Z,200,449.943,canary-7d9c85fc95-hh22r,
2026-09-29T00:07:22.68399324Z,200,215.131,canary-7d9c85fc95-j796h,
2026-09-29T00:07:23.083990276Z,200,159.338,canary-7d9c85fc95-j796h,
2026-09-29T00:07:22.883990335Z,200,424.820,canary-7d9c85fc95-hh22r,
2026-09-29T00:07:23.283990284Z,200,219.143,canary-7d9c85fc95-j796h,
2026-09-29T00:07:23.483990704Z,200,233.616,canary-7d9c85fc95-j796h,
2026-09-29T00:07:23.683990173Z,200,313.443,canary-7d9c85fc95-j796h,
2026-09-29T00:07:23.883990436Z,200,321.304,canary-7d9c85fc95-j796h,
2026-09-29T00:07:24.08399031Z,200,255.569,canary-7d9c85fc95-j796h,
2026-09-29T00:07:24.483993457Z,200,206.032,canary-7d9c85fc95-j796h,
2026-09-29T00:07:24.283990469Z,200,424.972,canary-7d9c85fc95-hh22r,
2026-09-29T00:07:24.683992604Z,200,217.522,canary-7d9c85fc95-j796h,
2026-09-29T00:07:24.883991467Z,200,227.495,canary-7d9c85fc95-j796h,
2026-09-29T00:07:25.083991531Z,200,233.445,canary-7d9c85fc95-j796h,
2026-09-29T00:07:25.483990833Z,200,206.292,canary-7d9c85fc95-j796h,
2026-09-29T00:07:25.283994553Z,200,423.362,canary-7d9c85fc95-hh22r,
2026-09-29T00:07:25.883990266Z,200,159.277,canary-7d9c85fc95-j796h,
2026-09-29T00:07:25.683991361Z,200,501.113,canary-7d9c85fc95-hh22r,
2026-09-29T00:07:26.0839903Z,200,219.134,canary-7d9c85fc95-j796h,
2026-09-29T00:07:26.283990254Z,200,719.097,canary-7d9c85fc95-hh22r,
2026-09-29T00:07:26.883990402Z,200,159.442,canary-7d9c85fc95-j796h,
2026-09-29T00:07:27.083990292Z,200,219.025,canary-7d9c85fc95-j796h,
2026-09-29T00:07:26.483990758Z,200,1002.443,canary-7d9c85fc95-hh22r,
2026-09-29T00:07:27.283990416Z,200,231.280,canary-7d9c85fc95-j796h,
2026-09-29T00:07:26.683991009Z,200,927.825,canary-7d9c85fc95-hh22r,
2026-09-29T00:07:27.483991566Z,200,238.912,canary-7d9c85fc95-j796h,
2026-09-29T00:07:28.083990501Z,200,205.955,canary-7d9c85fc95-j796h,
2026-09-29T00:07:27.68399154Z,200,622.840,canary-7d9c85fc95-hh22r,
2026-09-29T00:07:27.883992678Z,200,720.404,canary-7d9c85fc95-hh22r,
2026-09-29T00:07:28.483990401Z,200,155.585,canary-7d9c85fc95-j796h,
2026-09-29T00:07:28.28399122Z,200,525.299,canary-7d9c85fc95-hh22r,
2026-09-29T00:07:28.883990407Z,200,415.556,canary-7d9c85fc95-hh22r,
2026-09-29T00:07:29.283990408Z,200,157.704,canary-7d9c85fc95-j796h,
2026-09-29T00:07:28.683991449Z,200,806.998,canary-7d9c85fc95-hh22r,
2026-09-29T00:07:29.483991561Z,200,505.948,canary-7d9c85fc95-hh22r,
2026-09-29T00:07:29.883990476Z,200,157.569,canary-7d9c85fc95-j796h,
2026-09-29T00:07:29.083992458Z,200,1017.462,canary-7d9c85fc95-hh22r,
2026-09-29T00:07:29.683991609Z,200,531.066,canary-7d9c85fc95-hh22r,
2026-09-29T00:07:30.083991268Z,200,215.656,canary-7d9c85fc95-j796h,
2026-09-29T00:07:30.283991242Z,200,229.573,canary-7d9c85fc95-j796h,
2026-09-29T00:07:30.483990268Z,200,235.220,canary-7d9c85fc95-j796h,
2026-09-29T00:07:30.683991029Z,200,207.050,canary-7d9c85fc95-hh22r,
2026-09-29T00:07:30.883990964Z,200,215.013,canary-7d9c85fc95-hh22r,
2026-09-29T00:07:31.083991422Z,200,227.026,canary-7d9c85fc95-hh22r,
2026-09-29T00:07:31.283990967Z,200,159.672,canary-7d9c85fc95-j796h,
2026-09-29T00:07:31.483990457Z,200,220.415,canary-7d9c85fc95-j796h,
2026-09-29T00:07:31.683993713Z,200,207.452,canary-7d9c85fc95-hh22r,
2026-09-29T00:07:31.883995181Z,200,206.233,canary-7d9c85fc95-j796h,
2026-09-29T00:07:32.083991912Z,200,216.402,canary-7d9c85fc95-j796h,
2026-09-29T00:07:32.283991203Z,200,206.850,canary-7d9c85fc95-hh22r,
2026-09-29T00:07:32.483991282Z,200,155.647,canary-7d9c85fc95-j796h,
2026-09-29T00:07:32.683990409Z,200,219.177,canary-7d9c85fc95-j796h,
2026-09-29T00:07:32.883990353Z,200,225.737,canary-7d9c85fc95-j796h,
2026-09-29T00:07:33.083990582Z,200,225.236,canary-7d9c85fc95-hh22r,
2026-09-29T00:07:33.283990436Z,200,157.748,canary-7d9c85fc95-j796h,
2026-09-29T00:07:33.483990137Z,200,214.605,canary-7d9c85fc95-hh22r,
2026-09-29T00:07:33.68399124Z,200,155.817,canary-7d9c85fc95-j796h,
2026-09-29T00:07:33.883990113Z,200,215.145,canary-7d9c85fc95-j796h,
2026-09-29T00:07:34.083993134Z,200,206.796,canary-7d9c85fc95-hh22r,
2026-09-29T00:07:34.283991465Z,200,206.059,canary-7d9c85fc95-j796h,
2026-09-29T00:07:34.483992466Z,200,216.299,canary-7d9c85fc95-j796h,
2026-09-29T00:07:34.68399074Z,200,214.504,canary-7d9c85fc95-hh22r,
2026-09-29T00:07:34.883990504Z,200,159.172,canary-7d9c85fc95-j796h,
2026-09-29T00:07:35.083990184Z,200,219.006,canary-7d9c85fc95-j796h,
2026-09-29T00:07:35.283990154Z,200,228.749,canary-7d9c85fc95-j796h,
2026-09-29T00:07:35.483990482Z,200,214.827,canary-7d9c85fc95-hh22r,
2026-09-29T00:07:35.683990555Z,200,159.410,canary-7d9c85fc95-j796h,
2026-09-29T00:07:35.883990221Z,200,207.058,canary-7d9c85fc95-hh22r,
2026-09-29T00:07:36.083990271Z,200,206.099,canary-7d9c85fc95-j796h,
2026-09-29T00:07:36.28399038Z,200,212.614,canary-7d9c85fc95-hh22r,
2026-09-29T00:07:36.483990691Z,200,206.187,canary-7d9c85fc95-j796h,
2026-09-29T00:07:36.683990745Z,200,207.137,canary-7d9c85fc95-hh22r,
2026-09-29T00:07:36.883990639Z,200,246.053,canary-7d9c85fc95-hh22r,
2026-09-29T00:07:37.083992372Z,200,206.608,canary-7d9c85fc95-j796h,
2026-09-29T00:07:37.283991477Z,200,215.925,canary-7d9c85fc95-j796h,
2026-09-29T00:07:37.483992846Z,200,206.804,canary-7d9c85fc95-hh22r,
2026-09-29T00:07:37.683990448Z,200,519.391,canary-7d9c85fc95-hh22r,
2026-09-29T00:07:37.883992544Z,200,419.681,canary-7d9c85fc95-hh22r,
2026-09-29T00:07:38.283990282Z,200,157.611,canary-7d9c85fc95-j796h,
2026-09-29T00:07:38.083990199Z,200,423.813,canary-7d9c85fc95-hh22r,
2026-09-29T00:07:38.883990296Z,200,157.719,canary-7d9c85fc95-j796h,
2026-09-29T00:07:38.483990228Z,200,809.943,canary-7d9c85fc95-hh22r,
2026-09-29T00:07:39.283990269Z,200,159.275,canary-7d9c85fc95-j796h,
2026-09-29T00:07:38.683991651Z,200,1001.270,canary-7d9c85fc95-hh22r,
2026-09-29T00:07:39.483991396Z,200,220.674,canary-7d9c85fc95-j796h,
2026-09-29T00:07:39.083990084Z,200,748.544,canary-7d9c85fc95-hh22r,
2026-09-29T00:07:39.68399202Z,200,226.237,canary-7d9c85fc95-j796h,
2026-09-29T00:07:39.883991544Z,200,235.659,canary-7d9c85fc95-j796h,
2026-09-29T00:07:40.083992449Z,200,315.715,canary-7d9c85fc95-hh22r,
2026-09-29T00:07:40.283991358Z,200,159.831,canary-7d9c85fc95-j796h,
2026-09-29T00:07:40.483990288Z,200,214.518,canary-7d9c85fc95-hh22r,
2026-09-29T00:07:40.683990731Z,200,206.115,canary-7d9c85fc95-j796h,
2026-09-29T00:07:40.88399089Z,200,235.164,canary-7d9c85fc95-j796h,
2026-09-29T00:07:41.083990779Z,200,207.589,canary-7d9c85fc95-hh22r,
2026-09-29T00:07:41.28399105Z,200,242.045,canary-7d9c85fc95-hh22r,
2026-09-29T00:07:41.483991358Z,200,206.408,canary-7d9c85fc95-j796h,
2026-09-29T00:07:41.683990869Z,200,207.020,canary-7d9c85fc95-hh22r,
2026-09-29T00:07:41.883990651Z,200,155.531,canary-7d9c85fc95-j796h,
2026-09-29T00:07:42.08399012Z,200,214.304,canary-7d9c85fc95-hh22r,
2026-09-29T00:07:42.283990209Z,200,159.111,canary-7d9c85fc95-j796h,
2026-09-29T00:07:42.483990376Z,200,206.746,canary-7d9c85fc95-hh22r,
2026-09-29T00:07:42.683990433Z,200,412.592,canary-7d9c85fc95-hh22r,
2026-09-29T00:07:42.883990907Z,200,318.787,canary-7d9c85fc95-hh22r,
2026-09-29T00:07:43.083990267Z,200,159.408,canary-7d9c85fc95-j796h,
2026-09-29T00:07:43.283990121Z,200,225.948,canary-7d9c85fc95-j796h,
2026-09-29T00:07:43.483991846Z,200,256.037,canary-7d9c85fc95-j796h,
2026-09-29T00:07:43.683991378Z,200,206.781,canary-7d9c85fc95-hh22r,
2026-09-29T00:07:43.883990422Z,200,319.279,canary-7d9c85fc95-hh22r,
2026-09-29T00:07:44.083990719Z,200,800.579,canary-7d9c85fc95-hh22r,
2026-09-29T00:07:44.683992665Z,200,206.026,canary-7d9c85fc95-j796h,
2026-09-29T00:07:44.283991588Z,200,707.986,canary-7d9c85fc95-hh22r,
2026-09-29T00:07:44.483990368Z,200,602.889,canary-7d9c85fc95-hh22r,
2026-09-29T00:07:44.88399064Z,200,221.019,canary-7d9c85fc95-j796h,
2026-09-29T00:07:45.083990292Z,200,304.973,canary-7d9c85fc95-hh22r,
2026-09-29T00:07:45.683990204Z,200,160.094,canary-7d9c85fc95-j796h,
2026-09-29T00:07:45.48399228Z,200,405.174,canary-7d9c85fc95-hh22r,
2026-09-29T00:07:45.283990176Z,200,701.024,canary-7d9c85fc95-hh22r,
2026-09-29T00:07:45.883990404Z,200,218.893,canary-7d9c85fc95-j796h,
2026-09-29T00:07:46.083990311Z,200,206.920,canary-7d9c85fc95-hh22r,
2026-09-29T00:07:46.283991399Z,200,248.609,canary-7d9c85fc95-hh22r,
2026-09-29T00:07:46.483990311Z,200,159.508,canary-7d9c85fc95-j796h,
2026-09-29T00:07:46.683990495Z,200,206.670,canary-7d9c85fc95-hh22r,
2026-09-29T00:07:46.883991736Z,200,214.936,canary-7d9c85fc95-hh22r,
2026-09-29T00:07:47.083993346Z,200,224.752,canary-7d9c85fc95-hh22r,
2026-09-29T00:07:47.483990545Z,200,206.580,canary-7d9c85fc95-hh22r,
2026-09-29T00:07:47.283991185Z,200,432.690,canary-7d9c85fc95-j796h,
2026-09-29T00:07:47.883990374Z,200,206.659,canary-7d9c85fc95-hh22r,
2026-09-29T00:07:47.683990749Z,200,520.106,canary-7d9c85fc95-j796h,
2026-09-29T00:07:48.283990227Z,200,207.002,canary-7d9c85fc95-hh22r,
2026-09-29T00:07:48.083990393Z,200,624.995,canary-7d9c85fc95-j796h,
2026-09-29T00:07:48.683993289Z,200,206.890,canary-7d9c85fc95-hh22r,
2026-09-29T00:07:48.483991329Z,200,555.163,canary-7d9c85fc95-j796h,
2026-09-29T00:07:48.88399029Z,200,215.096,canary-7d9c85fc95-hh22r,
2026-09-29T00:07:49.083990298Z,200,218.761,canary-7d9c85fc95-hh22r,
2026-09-29T00:07:49.48399032Z,200,206.759,canary-7d9c85fc95-hh22r,
2026-09-29T00:07:49.283990271Z,200,423.005,canary-7d9c85fc95-j796h,
2026-09-29T00:07:49.68399108Z,200,215.771,canary-7d9c85fc95-hh22r,
2026-09-29T00:07:50.083990217Z,200,206.723,canary-7d9c85fc95-hh22r,
2026-09-29T00:07:49.883990494Z,200,422.522,canary-7d9c85fc95-j796h,
2026-09-29T00:07:50.283991546Z,200,215.096,canary-7d9c85fc95-hh22r,
2026-09-29T00:07:50.48399027Z,200,302.353,canary-7d9c85fc95-hh22r,
2026-09-29T00:07:50.683991238Z,200,237.305,canary-7d9c85fc95-hh22r,
2026-09-29T00:07:51.083991182Z,200,207.037,canary-7d9c85fc95-hh22r,
2026-09-29T00:07:50.883990349Z,200,425.717,canary-7d9c85fc95-j796h,
2026-09-29T00:07:51.28399219Z,200,215.709,canary-7d9c85fc95-hh22r,
2026-09-29T00:07:51.683990706Z,200,207.583,canary-7d9c85fc95-hh22r,
2026-09-29T00:07:51.483991517Z,200,423.208,canary-7d9c85fc95-j796h,
2026-09-29T00:07:51.883991187Z,200,215.311,canary-7d9c85fc95-hh22r,
2026-09-29T00:07:52.083991021Z,200,227.050,canary-7d9c85fc95-hh22r,
2026-09-29T00:07:52.283990411Z,200,235.195,canary-7d9c85fc95-hh22r,
2026-09-29T00:07:52.483990229Z,200,725.386,canary-7d9c85fc95-j796h,
2026-09-29T00:07:52.683990348Z,200,1717.614,canary-7d9c85fc95-j796h,
2026-09-29T00:07:54.283991417Z,200,206.618,canary-7d9c85fc95-hh22r,
2026-09-29T00:07:54.48399181Z,200,214.656,canary-7d9c85fc95-hh22r,
2026-09-29T00:07:54.683990521Z,200,223.717,canary-7d9c85fc95-hh22r,
2026-09-29T00:07:54.883992584Z,200,230.915,canary-7d9c85fc95-hh22r,
2026-09-29T00:07:52.883990359Z,200,2324.968,canary-7d9c85fc95-j796h,
2026-09-29T00:07:55.283990361Z,200,207.028,canary-7d9c85fc95-hh22r,
2026-09-29T00:07:55.483990549Z,200,214.684,canary-7d9c85fc95-hh22r,
2026-09-29T00:07:53.083990247Z,200,2811.684,canary-7d9c85fc95-j796h,
2026-09-29T00:07:55.683990333Z,200,222.743,canary-7d9c85fc95-hh22r,
2026-09-29T00:07:53.283990267Z,200,2906.547,canary-7d9c85fc95-j796h,
2026-09-29T00:07:56.283990264Z,200,208.026,canary-7d9c85fc95-hh22r,
2026-09-29T00:07:53.883991478Z,200,2823.867,canary-7d9c85fc95-j796h,
2026-09-29T00:07:53.683990344Z,200,3429.128,canary-7d9c85fc95-j796h,
2026-09-29T00:07:57.083990533Z,200,207.294,canary-7d9c85fc95-hh22r,
2026-09-29T00:07:53.483992234Z,200,3822.244,canary-7d9c85fc95-j796h,
2026-09-29T00:07:54.083990363Z,200,3315.266,canary-7d9c85fc95-j796h,
2026-09-29T00:07:58.28399197Z,200,206.857,canary-7d9c85fc95-hh22r,
2026-09-29T00:07:55.083991606Z,200,3936.657,canary-7d9c85fc95-j796h,
2026-09-29T00:07:59.483992451Z,200,206.722,canary-7d9c85fc95-hh22r,
2026-09-29T00:07:55.88399047Z,200,3822.958,canary-7d9c85fc95-j796h,
2026-09-29T00:07:59.683990582Z,200,215.062,canary-7d9c85fc95-hh22r,
2026-09-29T00:07:59.883990937Z,200,226.738,canary-7d9c85fc95-hh22r,
2026-09-29T00:08:00.083990427Z,200,308.843,canary-7d9c85fc95-hh22r,
2026-09-29T00:08:00.283992027Z,200,317.927,canary-7d9c85fc95-hh22r,
2026-09-29T00:07:56.483992166Z,200,4118.411,canary-7d9c85fc95-j796h,
2026-09-29T00:08:00.483990928Z,200,304.902,canary-7d9c85fc95-hh22r,
2026-09-29T00:07:56.083990443Z,0,5000.114,,"Get ""http://10.60.0.110:30080/work?iterations=300000"": context deadline exceeded (Client.Timeout exceeded while awaiting headers)"
2026-09-29T00:08:00.883991112Z,200,207.215,canary-7d9c85fc95-hh22r,
2026-09-29T00:08:01.083993514Z,200,211.253,canary-7d9c85fc95-hh22r,
2026-09-29T00:07:56.683993298Z,0,5000.389,,"Get ""http://10.60.0.110:30080/work?iterations=300000"": context deadline exceeded (Client.Timeout exceeded while awaiting headers)"
2026-09-29T00:08:01.483995399Z,200,207.228,canary-7d9c85fc95-hh22r,
2026-09-29T00:07:56.883991851Z,0,5000.291,,"Get ""http://10.60.0.110:30080/work?iterations=300000"": context deadline exceeded (Client.Timeout exceeded while awaiting headers)"
2026-09-29T00:07:57.48399038Z,200,4425.000,canary-7d9c85fc95-j796h,
2026-09-29T00:07:57.683992655Z,200,4225.980,canary-7d9c85fc95-j796h,
2026-09-29T00:08:01.683990877Z,200,230.542,canary-7d9c85fc95-hh22r,
2026-09-29T00:08:01.883990408Z,200,229.493,canary-7d9c85fc95-hh22r,
2026-09-29T00:07:58.083991433Z,200,4031.961,canary-7d9c85fc95-j796h,
2026-09-29T00:07:57.283990375Z,0,5001.054,,"Get ""http://10.60.0.110:30080/work?iterations=300000"": context deadline exceeded (Client.Timeout exceeded while awaiting headers)"
2026-09-29T00:07:58.483992155Z,200,3914.913,canary-7d9c85fc95-j796h,
2026-09-29T00:07:57.883990646Z,200,4536.971,canary-7d9c85fc95-j796h,
2026-09-29T00:08:02.283990391Z,200,206.790,canary-7d9c85fc95-hh22r,
2026-09-29T00:07:58.683992582Z,200,3818.810,canary-7d9c85fc95-j796h,
2026-09-29T00:07:58.883992125Z,200,4208.582,canary-7d9c85fc95-j796h,
2026-09-29T00:07:59.083990779Z,200,4016.687,canary-7d9c85fc95-j796h,
2026-09-29T00:07:59.28399056Z,200,3826.578,canary-7d9c85fc95-j796h,
2026-09-29T00:08:01.283990986Z,200,1926.500,canary-7d9c85fc95-j796h,
2026-09-29T00:08:02.08399144Z,200,1416.722,canary-7d9c85fc95-j796h,
2026-09-29T00:08:00.683990957Z,200,2817.841,canary-7d9c85fc95-j796h,
2026-09-29T00:08:02.483990169Z,200,1133.378,canary-7d9c85fc95-j796h,
