timestamp_utc,http_status
2026-09-28T21:35:35.866Z,200
2026-09-28T21:35:36.077Z,200
2026-09-28T21:35:36.287Z,200
2026-09-28T21:35:36.497Z,200
2026-09-28T21:35:36.708Z,200
2026-09-28T21:35:36.918Z,200
2026-09-28T21:35:37.128Z,200
2026-09-28T21:35:37.338Z,200
2026-09-28T21:35:37.548Z,200
2026-09-28T21:35:37.758Z,200
2026-09-28T21:35:37.968Z,200
2026-09-28T21:35:38.177Z,200
2026-09-28T21:35:38.387Z,200
2026-09-28T21:35:38.597Z,200
2026-09-28T21:35:38.808Z,200
2026-09-28T21:35:39.017Z,200
2026-09-28T21:35:39.227Z,200
2026-09-28T21:35:39.437Z,200
2026-09-28T21:35:39.647Z,200
2026-09-28T21:35:39.857Z,200
2026-09-28T21:35:40.066Z,200
2026-09-28T21:35:40.276Z,200
2026-09-28T21:35:40.487Z,200
2026-09-28T21:35:40.698Z,200
2026-09-28T21:35:40.910Z,200
2026-09-28T21:35:41.120Z,200
2026-09-28T21:35:41.331Z,200
2026-09-28T21:35:41.541Z,200
2026-09-28T21:35:41.751Z,200
2026-09-28T21:35:41.962Z,200
2026-09-28T21:35:42.172Z,200
2026-09-28T21:35:42.382Z,200
2026-09-28T21:35:42.592Z,200
2026-09-28T21:35:42.802Z,200
2026-09-28T21:35:43.012Z,200
2026-09-28T21:35:43.222Z,200
2026-09-28T21:35:43.432Z,200
2026-09-28T21:35:43.642Z,200
2026-09-28T21:35:43.852Z,200
2026-09-28T21:35:44.062Z,200
2026-09-28T21:35:44.271Z,200
2026-09-28T21:35:44.481Z,200
2026-09-28T21:35:44.691Z,200
2026-09-28T21:35:44.901Z,200
2026-09-28T21:35:45.111Z,200
2026-09-28T21:35:45.321Z,200
2026-09-28T21:35:45.530Z,200
2026-09-28T21:35:45.740Z,200
2026-09-28T21:35:45.950Z,200
2026-09-28T21:35:46.160Z,200
2026-09-28T21:35:46.370Z,200
2026-09-28T21:35:46.581Z,200
2026-09-28T21:35:46.791Z,200
2026-09-28T21:35:47.001Z,200
2026-09-28T21:35:47.211Z,200
2026-09-28T21:35:47.420Z,200
2026-09-28T21:35:47.633Z,200
2026-09-28T21:35:47.846Z,200
2026-09-28T21:35:48.056Z,200
2026-09-28T21:35:48.266Z,200
2026-09-28T21:35:48.476Z,200
2026-09-28T21:35:48.685Z,200
2026-09-28T21:35:48.895Z,200
2026-09-28T21:35:49.105Z,200
2026-09-28T21:35:49.315Z,200
2026-09-28T21:35:49.524Z,200
2026-09-28T21:35:49.735Z,200
2026-09-28T21:35:49.944Z,200
2026-09-28T21:35:50.154Z,200
2026-09-28T21:35:50.364Z,200
2026-09-28T21:35:50.573Z,200
2026-09-28T21:35:50.783Z,200
2026-09-28T21:35:50.994Z,200
2026-09-28T21:35:51.212Z,200
2026-09-28T21:35:51.428Z,200
2026-09-28T21:35:51.639Z,200
2026-09-28T21:35:51.849Z,200
2026-09-28T21:35:52.059Z,200
2026-09-28T21:35:52.270Z,200
2026-09-28T21:35:52.480Z,200
2026-09-28T21:35:52.691Z,200
2026-09-28T21:35:52.901Z,200
2026-09-28T21:35:53.111Z,200
2026-09-28T21:35:53.321Z,200
2026-09-28T21:35:53.530Z,200
2026-09-28T21:35:53.740Z,200
2026-09-28T21:35:53.950Z,200
2026-09-28T21:35:54.160Z,200
2026-09-28T21:35:54.370Z,200
2026-09-28T21:35:54.580Z,200
2026-09-28T21:35:54.790Z,200
2026-09-28T21:35:55.000Z,200
2026-09-28T21:35:55.210Z,200
2026-09-28T21:35:55.420Z,200
2026-09-28T21:35:55.630Z,200
2026-09-28T21:35:55.840Z,200
2026-09-28T21:35:56.050Z,200
2026-09-28T21:35:56.261Z,200
2026-09-28T21:35:56.475Z,200
2026-09-28T21:35:56.685Z,200
2026-09-28T21:35:56.896Z,200
2026-09-28T21:35:57.107Z,200
2026-09-28T21:35:57.318Z,200
2026-09-28T21:35:57.528Z,200
2026-09-28T21:35:57.738Z,200
2026-09-28T21:35:57.948Z,200
2026-09-28T21:35:58.158Z,200
2026-09-28T21:35:58.369Z,200
2026-09-28T21:35:58.579Z,200
2026-09-28T21:35:58.789Z,200
2026-09-28T21:35:59.000Z,200
2026-09-28T21:35:59.210Z,200
2026-09-28T21:35:59.420Z,200
2026-09-28T21:35:59.630Z,200
2026-09-28T21:35:59.840Z,200
2026-09-28T21:36:00.051Z,200
2026-09-28T21:36:00.261Z,200
2026-09-28T21:36:00.472Z,200
2026-09-28T21:36:00.689Z,200
2026-09-28T21:36:00.905Z,200
2026-09-28T21:36:01.116Z,200
2026-09-28T21:36:01.326Z,200
2026-09-28T21:36:01.537Z,200
2026-09-28T21:36:01.747Z,200
2026-09-28T21:36:01.958Z,200
2026-09-28T21:36:02.168Z,200
2026-09-28T21:36:02.378Z,200
2026-09-28T21:36:02.588Z,200
2026-09-28T21:36:02.800Z,200
2026-09-28T21:36:03.010Z,200
2026-09-28T21:36:03.220Z,200
2026-09-28T21:36:03.430Z,200
2026-09-28T21:36:03.640Z,200
2026-09-28T21:36:03.850Z,200
2026-09-28T21:36:04.061Z,200
2026-09-28T21:36:04.274Z,200
2026-09-28T21:36:04.484Z,200
2026-09-28T21:36:04.694Z,200
2026-09-28T21:36:04.904Z,200
2026-09-28T21:36:05.115Z,200
2026-09-28T21:36:05.325Z,200
2026-09-28T21:36:05.535Z,200
2026-09-28T21:36:05.745Z,200
2026-09-28T21:36:05.955Z,200
2026-09-28T21:36:06.165Z,200
2026-09-28T21:36:06.375Z,200
2026-09-28T21:36:06.585Z,200
2026-09-28T21:36:06.795Z,200
2026-09-28T21:36:07.005Z,200
2026-09-28T21:36:07.215Z,200
2026-09-28T21:36:07.425Z,200
2026-09-28T21:36:07.635Z,200
2026-09-28T21:36:07.846Z,200
2026-09-28T21:36:08.056Z,200
2026-09-28T21:36:08.266Z,200
2026-09-28T21:36:08.475Z,200
2026-09-28T21:36:08.685Z,200
2026-09-28T21:36:08.895Z,200
2026-09-28T21:36:09.106Z,200
2026-09-28T21:36:09.316Z,200
2026-09-28T21:36:09.526Z,200
2026-09-28T21:36:09.737Z,200
2026-09-28T21:36:09.947Z,200
2026-09-28T21:36:10.157Z,200
2026-09-28T21:36:10.367Z,200
2026-09-28T21:36:10.576Z,200
2026-09-28T21:36:10.786Z,200
2026-09-28T21:36:10.996Z,200
2026-09-28T21:36:11.208Z,200
2026-09-28T21:36:11.426Z,200
2026-09-28T21:36:11.643Z,200
2026-09-28T21:36:11.856Z,200
2026-09-28T21:36:12.074Z,200
2026-09-28T21:36:12.292Z,200
2026-09-28T21:36:12.509Z,200
2026-09-28T21:36:12.726Z,200
2026-09-28T21:36:12.944Z,200
2026-09-28T21:36:13.162Z,200
2026-09-28T21:36:13.379Z,200
2026-09-28T21:36:13.596Z,200
2026-09-28T21:36:13.814Z,200
2026-09-28T21:36:14.031Z,200
2026-09-28T21:36:14.248Z,200
2026-09-28T21:36:14.465Z,200
2026-09-28T21:36:14.682Z,200
2026-09-28T21:36:14.899Z,200
2026-09-28T21:36:15.117Z,200
2026-09-28T21:36:15.335Z,200
2026-09-28T21:36:15.552Z,200
2026-09-28T21:36:15.770Z,200
2026-09-28T21:36:15.987Z,200
2026-09-28T21:36:16.203Z,200
2026-09-28T21:36:16.420Z,200
2026-09-28T21:36:16.637Z,200
2026-09-28T21:36:16.855Z,200
2026-09-28T21:36:17.073Z,200
2026-09-28T21:36:17.290Z,200
2026-09-28T21:36:17.506Z,200
2026-09-28T21:36:17.723Z,200
2026-09-28T21:36:17.940Z,200
2026-09-28T21:36:18.156Z,200
2026-09-28T21:36:18.373Z,200
2026-09-28T21:36:18.590Z,200
2026-09-28T21:36:18.807Z,200
2026-09-28T21:36:19.023Z,200
2026-09-28T21:36:19.240Z,200
2026-09-28T21:36:19.457Z,200
2026-09-28T21:36:19.672Z,200
2026-09-28T21:36:19.888Z,200
2026-09-28T21:36:20.104Z,200
2026-09-28T21:36:20.316Z,200
2026-09-28T21:36:20.528Z,200
2026-09-28T21:36:20.740Z,200
2026-09-28T21:36:20.952Z,200
2026-09-28T21:36:21.164Z,200
2026-09-28T21:36:21.377Z,200
2026-09-28T21:36:21.589Z,200
2026-09-28T21:36:21.800Z,200
2026-09-28T21:36:22.017Z,200
2026-09-28T21:36:22.232Z,200
2026-09-28T21:36:22.448Z,200
2026-09-28T21:36:22.659Z,200
2026-09-28T21:36:22.871Z,200
2026-09-28T21:36:23.083Z,200
2026-09-28T21:36:23.295Z,200
2026-09-28T21:36:23.506Z,200
2026-09-28T21:36:23.718Z,200
2026-09-28T21:36:23.930Z,200
2026-09-28T21:36:24.145Z,200
2026-09-28T21:36:24.361Z,200
2026-09-28T21:36:24.577Z,200
2026-09-28T21:36:24.792Z,200
2026-09-28T21:36:25.008Z,200
2026-09-28T21:36:25.224Z,200
2026-09-28T21:36:25.435Z,200
2026-09-28T21:36:25.646Z,200
2026-09-28T21:36:25.858Z,200
2026-09-28T21:36:26.074Z,200
2026-09-28T21:36:26.290Z,200
2026-09-28T21:36:26.501Z,200
2026-09-28T21:36:26.720Z,200
2026-09-28T21:36:26.935Z,200
2026-09-28T21:36:27.152Z,200
2026-09-28T21:36:27.367Z,200
2026-09-28T21:36:27.579Z,200
2026-09-28T21:36:27.790Z,200
2026-09-28T21:36:28.003Z,200
2026-09-28T21:36:28.215Z,200
2026-09-28T21:36:28.430Z,200
2026-09-28T21:36:28.642Z,200
2026-09-28T21:36:28.853Z,200
